title,link,date
Choosing the Right Bootcamp,2022-06-23 21:16:57 UTC,/blog/choosing-a-bootcamp
Interview: Rithm Grads at Google,2022-05-27 14:33:30 UTC,/blog/grads-at-google
Three Rithm Students Accepted to the 2022 Pinterest Engineering Internship,2022-05-13 15:59:12 UTC,/blog/pinterest-internship
The Top 5 Questions People Ask About Rithm School,2022-03-21 14:02:41 UTC,/blog/top-5-admissions-questions
Announcing Rithm's 2022 Scholarship Fund,2021-12-08 14:55:46 UTC,/blog/2022-scholarship
October 2021 Women's Scholarship Fund,2021-08-18 20:38:59 UTC,/blog/october-2021-womens-scholarship-fund
R19: 100% Outcomes Within 4 Months Of Graduating,2021-07-13 21:21:05 UTC,/blog/r19-100-outcomes-within-4-months-of-graduating
Student Interview: R20 On Remote Company Projects ,2021-05-25 23:55:52 UTC,/blog/student-interview-clever-counsel-company-projects
Good Ideas for Better Variable Names,2021-05-04 21:10:26 UTC,/blog/good-ideas-for-better-variable-names
TypeScript: How To Get Started,2021-04-21 17:07:39 UTC,/blog/typescript-how-to-get-started
3 Patterns for Refactoring Your Code,2021-04-12 16:28:16 UTC,/blog/three-simple-patterns-for-refactoring-your-code
From A Rithm Instructor: Technical Job Search Blockers,2021-03-12 00:07:16 UTC,/blog/rithm-instructor-technical-job-search-blockers
Coming Up in Python: `match`,2021-03-03 22:38:07 UTC,/blog/coming-up-in-python-match
2021 Rithm School Scholarships,2021-02-24 01:04:55 UTC,/blog/2021-rithm-school-scholarships
6 Tips To Push Through The Discomfort Of The Job Search,2021-02-17 00:17:32 UTC,/blog/push-through-discomfort-of-the-job-search
Our Updated Interview Process,2021-01-25 20:19:48 UTC,/blog/our-updated-interview-process
Using The JavaScript Ternary Operator Effectively,2020-11-09 00:00:00 UTC,/blog/using-the-javascript-ternary-operator
Seven Tips For Dealing With Imposter Syndrome,2020-10-20 00:00:00 UTC,/blog/dealing-with-coding-bootcamp-imposter-syndrome
Alumni Spotlight: Genna Mergola,2020-10-13 00:00:00 UTC,/blog/alumni-spotlight-genna-mergola
How To Get Into A Top Coding Bootcamp,2020-09-22 00:00:00 UTC,/blog/how-to-get-into-top-coding-bootcamp-rithm-school
